Tratamiento,Repetición,Absorbancia
1,,11.79653
2,,14.34608
2,,11.92199
2,,12.81333
1,,13.12488
2,,9.93992
1,,17.51336
1,,15.46012
1,,11.58559
3,,18.76144
2,,16.27939
2,,14.11479
1,,17.68538
3,,17.6344
1,,17.46474
3,,17.06592
3,,16.66175
3,,14.81426
3,,14.08211
2,,13.85859